Id,Pontos,Estado,Genero,Idade,Bens,Saldo na Conta,Produto,Possui cartao,Ativo,Salario,Saiu
1,619,BA,Feminino,42,2,0,1,1,1,10134888,1
2,608,CE,Feminino,41,1,8380786,1,0,1,11254258,0
3,502,BA,Feminino,42,8,1596608,3,1,0,11393157,1
4,699,BA,Feminino,39,1,0,2,0,0,9382663,0
5,850,CE,Feminino,43,2,12551082,1,1,1,790841,0
6,645,CE,Masculino,44,8,11375578,2,1,0,14975671,1
7,822,BA,M,50,7,0,2,1,1,100628,0
8,376,CE,Feminino,29,4,11504674,4,1,0,11934688000,1
9,501,BA,Masculino,44,4,14205107,2,0,1,749405,0
10,684,BA,Masculino,27,2,13460388,1,1,1,7172573,0
11,528,BA,Masculino,31,6,10201672,2,0,0,8018112,0
12,497,CE,Masculino,24,3,0,2,1,0,7639001,0
13,476,BA,Feminino,34,10,0,2,1,0,2626098,0
14,549,BA,Feminino,25,5,0,2,0,0,19085779,0
15,635,CE,Feminino,35,7,0,2,1,1,6595165,0
16,616,CE,M,45,3,14312941,2,0,1,6432726,0
17,653,CE,Masculino,58,1,13260288,1,1,0,509767,1
18,549,CE,Feminino,24,9,0,2,1,1,,0
19,587,CE,Masculino,45,6,0,1,0,0,15868481,0
20,726,BA,Feminino,24,6,0,2,1,1,5472403,0
21,732,BA,M,41,8,0,2,1,1,17088617,0
22,636,CE,Feminino,32,8,0,2,1,0,13855546,0
23,510,SP,Feminino,38,4,0,1,1,0,11891353,1
24,669,BA,Masculino,46,3,0,2,0,1,848775,0
25,846,BA,Feminino,38,5,0,1,1,1,18761616,0
26,577,BA,Masculino,25,3,0,2,0,1,12450829,0
27,756,CE,Masculino,36,2,13681564,1,1,1,17004195,0
28,571,MA,Masculino,44,9,0,2,0,0,10000,0
29,574,SP,Feminino,43,3,14134943,1,1,1,10018743,0
30,411,MA,Masculino,29,0,5969717,2,1,1,5348321,0
31,591,CE,Feminino,39,3,0,3,1,0,14046938,1
32,533,MA,Masculino,36,7,853117,1,0,1,15673191,0
33,553,MG,Masculino,41,9,11011254,2,0,0,8189881,0
34,520,CE,Feminino,42,6,0,2,1,1,3441055,0
35,722,CE,Feminino,29,9,0,2,1,1,14203307,0
36,475,MA,Feminino,45,0,13426404,1,1,0,2782299,1
37,490,CE,Masculino,31,3,14526023,1,0,1,11406677,0
38,804,CE,Masculino,33,7,765486,1,0,1,9845345,0
39,850,MA,Masculino,36,7,0,1,1,1,408129,0
40,582,CE,Masculino,41,6,7034948,2,0,1,17807404,0
41,472,CE,Masculino,40,4,0,1,1,0,7015422,0
42,465,MA,Feminino,51,8,12252232,1,0,0,18129765,1
43,556,MA,Feminino,61,2,11741935,1,1,1,9415383,0
44,834,MA,Feminino,49,2,13139456,1,0,0,19436576,1
45,660,CE,Feminino,61,5,15593111,1,1,1,15833839,0
46,776,CE,Feminino,32,4,10942113,2,1,1,12651746,0
47,829,CE,Feminino,27,9,11204567,1,1,1,11970821,1
48,637,CE,Feminino,39,9,1378438,1,1,1,1176228,1
49,550,CE,Masculino,38,2,10339138,1,0,1,9087813,0
50,776,CE,Feminino,37,2,10376922,2,1,0,19409912,0
51,698,CE,Masculino,44,10,11636337,2,1,0,19805916,0
52,585,CE,Masculino,36,5,14605097,2,0,0,8642457,0
53,788,MA,Feminino,33,5,0,2,0,0,,0
54,655,CE,Masculino,41,8,12556197,1,0,0,16404094,1
55,601,CE,Masculino,42,1,9849572,1,1,0,4001476,1
56,619,SP,Masculino,43,1,12521192,1,1,1,11341049,0
57,656,MA,Masculino,45,5,1278644,1,1,0,8710757,0
58,725,CE,Masculino,19,0,758882,1,0,0,4561375,0
59,511,CE,Feminino,66,4,0,1,1,0,164311,1
60,614,MA,Masculino,51,4,4068592,1,1,1,4677528,0
61,742,MG,Masculino,35,5,136857,1,0,0,8450957,0
62,687,MG,Feminino,27,9,15232888,2,0,0,12649482,0
63,555,MG,Masculino,33,1,5608469,2,0,0,17879813,0
64,684,MG,Masculino,56,8,7870716,1,1,1,9939836,0
65,603,MG,,26,4,10916637,1,1,1,9284067,0
66,751,MG,Feminino,36,6,16983146,2,1,1,2775836,0
67,581,MG,Feminino,34,1,10163304,1,1,0,11043151,0
68,735,CE,Masculino,43,10,12318001,2,1,1,19667328,0
69,661,CE,Feminino,35,5,15072553,2,0,1,11365685,0
70,675,MA,Feminino,21,8,9837326,1,1,0,18203,0
71,738,CE,Masculino,58,2,13374544,4,1,0,2837386,1
72,813,MA,Masculino,29,6,0,1,1,0,3395387,0
73,657,CE,Feminino,37,0,16360718,1,0,1,4420355,0
74,604,CE,Feminino,25,5,15778084,2,1,1,5842681,0
75,519,MA,Masculino,36,9,0,2,0,1,1455624,0
76,735,SP,Feminino,21,1,17871819,2,1,0,22388,0
77,664,MA,Masculino,55,8,0,2,1,1,13916164,0
78,678,MA,Feminino,32,9,0,1,1,1,14821064,0
79,757,CE,Masculino,33,5,7725322,1,0,1,19423963,0
80,416,CE,Feminino,41,10,12218966,2,1,0,9830161,0
81,665,MA,Feminino,34,1,9664554,2,0,0,17141366,0
81,665,MA,Feminino,34,1,9664554,2,0,0,17141366,0
84,543,MA,Feminino,36,3,0,2,0,0,2601959,0
85,506,MA,Feminino,34,4,9030762,1,1,1,15923529,0
86,493,MA,,46,4,0,2,1,0,190766,0
87,652,CE,Feminino,75,10,0,2,1,1,11467575,0
88,750,CE,Masculino,22,3,12168182,1,1,0,12864335,1
89,729,MA,Masculino,30,9,0,2,1,0,15186935,0
90,646,MA,Feminino,46,4,0,3,1,0,9325142,1
91,635,CE,Feminino,28,3,8162367,2,1,1,15679136,0
92,647,CE,Feminino,44,5,0,3,1,1,17420522,1
93,808,MA,Masculino,45,7,11862655,2,1,0,14713246,0
94,524,MA,Feminino,36,10,0,2,1,0,10961457,0
95,769,MG,Masculino,29,8,0,2,1,1,17229061,0
96,730,CE,Masculino,42,4,0,2,0,1,8598247,0
97,515,CE,Masculino,35,10,17627395,1,0,1,12127778,0
98,773,CE,Masculino,41,9,10282744,1,0,1,6459525,0
99,814,CE,Masculino,29,8,970864,2,1,1,19727613,0
100,710,CE,Masculino,22,8,0,2,0,0,9964504,0
101,413,MA,Masculino,34,9,0,2,0,0,653418,0
102,665,MA,Feminino,40,6,0,1,1,1,16184803,0
103,623,MA,Feminino,44,6,0,2,0,0,16716243,0
104,738,MA,Masculino,31,9,8267415,1,1,0,4197072,0
105,528,CE,Masculino,36,7,0,2,1,0,6053656,0
106,670,CE,Feminino,65,1,0,1,1,1,17765568,1
107,622,CE,Feminino,46,4,10707327,2,1,1,3098459,1
108,582,CE,Masculino,32,1,8893862,1,1,1,1005453,0
109,785,CE,Feminino,36,2,9980685,1,0,1,3697652,0
110,605,CE,Masculino,33,5,1500928,1,0,0,7186279,0
111,479,CE,Masculino,35,9,9283389,1,1,0,9944986,1
112,685,CE,Masculino,30,3,9053681,1,0,1,6308288,0
113,538,CE,Masculino,39,7,1080551,2,1,0,2723126,0
114,562,MA,Masculino,42,2,10023835,1,0,0,8679741,0
115,675,CE,Masculino,36,9,10619055,1,0,1,2299432,0
116,721,CE,Masculino,28,9,15447554,2,0,1,10130094,1
117,628,CE,Feminino,30,9,13235129,2,1,1,7416913,0
118,668,CE,Feminino,37,6,1678644,1,1,0,11563829000,0
119,506,MA,Feminino,41,1,0,2,1,0,317663,0
120,524,CE,Feminino,31,8,10781863,1,1,0,19972539,1
121,699,CE,M,34,4,18517381,2,1,0,12083448,0
122,828,MA,Masculino,34,8,12943334,2,0,0,3813177,0
123,674,CE,Masculino,39,6,12019342,1,0,0,10013095,0
124,656,MA,Feminino,39,6,0,2,1,0,14106988,0
125,684,CE,Feminino,48,10,12638442,1,1,1,19812936,0
126,625,MA,Feminino,28,3,0,1,0,0,18364641,0
127,432,MA,Masculino,42,9,15260345,1,1,0,11026524,1
128,549,MA,Feminino,52,1,0,1,0,1,863605,1
129,625,CE,Masculino,56,0,14850724,1,1,0,4682408,1
130,828,MA,Feminino,41,7,0,2,1,0,17137877,0
131,770,MA,Masculino,24,9,10182707,1,1,0,16725635,0
132,758,MA,Feminino,34,3,0,2,1,1,12422616,0
133,795,CE,F,33,9,13086243,1,1,1,11493521,0
134,687,MA,Masculino,38,9,12257087,1,1,1,3560888,0
135,686,MA,Masculino,25,1,0,2,0,1,1645937,0
136,789,RJ,Masculino,39,7,12482846,2,1,1,12441108,0
137,589,RJ,Feminino,50,5,14489505,2,1,1,3494123,0
138,461,RJ,Feminino,34,5,6366393,1,0,1,16778428,0
139,637,RJ,Masculino,40,2,1334631,1,0,1,9316534,0
140,584,CE,Feminino,48,2,2131462,1,1,0,7516125,1
141,579,CE,Feminino,35,1,12949036,2,0,1,859083,1
142,756,CE,Masculino,44,10,13745209,1,1,0,1895439,0
143,663,MA,Fem,34,7,0,2,1,1,18042724,0
144,682,MA,Feminino,43,5,12585193,1,1,1,19331833,0
145,793,CE,Masculino,52,2,0,1,1,0,15912382,1
146,691,MA,Feminino,31,5,4091555,1,1,0,12621384,1
147,485,CE,Feminino,21,5,11315722,1,1,1,541415,0
148,635,CE,Feminino,29,8,13829694,2,1,0,14107551,0
149,650,MA,Masculino,37,5,10696718,1,0,0,2449503,0
150,735,MA,Masculino,44,9,12068163,1,1,0,7483634,0
151,416,MA,Masculino,32,0,0,2,0,1,87887,0
152,754,CE,Feminino,32,7,0,2,1,0,8952075,0
153,535,MA,Feminino,48,9,0,1,1,0,14989279,1
154,716,CE,Masculino,42,8,0,2,1,0,18080042,0
155,539,MA,Masculino,37,2,12760959,1,1,0,9864622,0
156,614,MA,Feminino,43,6,0,2,1,1,10904153,0
157,706,CE,Masculino,57,7,0,1,1,0,1794116,1
158,758,MA,Feminino,33,7,0,2,0,0,8299647,0
159,586,CE,Feminino,28,2,0,2,1,1,9206735,0
160,646,MA,Feminino,73,6,9725925,1,0,1,10471966,0
161,631,CE,Feminino,33,4,1232467,1,0,0,11268757,0
162,717,CE,Feminino,22,6,10106025,1,0,1,8469956,0
163,684,MA,Masculino,30,2,0,2,1,0,8347382,0
164,800,MA,Feminino,49,7,10800736,1,0,0,4712511,0
165,721,CE,Feminino,36,2,0,2,1,1,1069778,0
166,683,CE,Masculino,29,0,13370289,1,1,0,5558254,1
167,660,CE,Masculino,31,9,12518975,2,1,1,13987443,0
168,704,CE,Feminino,24,7,11303422,1,1,0,16250348,1
169,615,CE,Feminino,41,9,10901323,1,1,0,19649996,0
170,667,CE,Feminino,39,2,0,2,1,0,4072124,1
171,682,CE,Masculino,24,9,5792981,2,0,0,531343,0
172,484,MA,Feminino,29,4,13011439,1,1,0,1640178900,0
173,628,CE,Masculino,27,5,9582649,2,1,0,15599696,0
174,480,CE,Masculino,44,10,12960857,1,1,0,54727,1
175,578,MA,Masculino,30,4,16946209,1,1,0,11218711,0
176,512,MA,Masculino,40,5,0,2,1,1,14645783,0
177,484,CE,Feminino,35,7,13386821,1,1,1,272861,0
178,510,MA,Feminino,30,0,0,2,1,1,13055347,0
179,606,CE,Masculino,36,5,19047948,2,0,0,17935189,0
180,597,CE,Feminino,40,8,10199312,1,0,1,9477412,0
181,754,CE,Feminino,55,3,16160881,1,1,0,,1
182,850,CE,Feminino,45,2,12231121,1,1,1,194825,0
183,510,MA,Masculino,65,2,0,2,1,1,4807161,0
184,778,CE,Feminino,45,1,16215042,2,1,0,17453127,0
185,636,MA,Masculino,42,2,0,2,1,1,5547078,0
186,804,MA,Feminino,50,4,0,1,1,1,854687,1
187,514,MA,Masculino,32,8,0,2,1,0,9585718,0
188,730,MA,Feminino,39,1,9901067,1,1,0,1949458,0
189,525,CE,Feminino,37,0,0,1,0,1,13152172,0
190,616,CE,Masculino,30,5,0,2,0,1,19610851,0
191,687,CE,Feminino,34,7,11138818,2,1,0,14856476,0
192,715,MA,Feminino,41,8,5621485,2,0,0,9298261,1
193,512,MA,Feminino,36,3,8432777,2,1,0,1767536,0
194,479,MA,Masculino,40,1,0,2,0,0,11499643,0
195,601,MA,Masculino,32,8,9301289,1,1,0,8695742,0
196,580,CE,Masculino,29,9,6171044,2,1,0,1280778,0
197,807,MA,Masculino,35,3,17479015,1,1,1,60036,0
198,616,CE,Feminino,32,6,0,2,1,1,4300146,0
199,721,CE,Masculino,37,3,10772064,1,1,1,15859112,0
200,501,MA,Masculino,57,10,0,2,1,1,4784719,0
201,521,MA,Masculino,35,6,9642384,1,1,0,1048844,0
202,850,CE,Masculino,30,2,14104001,1,1,1,59782,0
203,759,MA,Masculino,42,4,10542018,1,0,1,12140906,0
204,516,CE,Masculino,50,5,0,1,0,1,14614593,1
205,711,MA,Feminino,38,2,12902206,2,1,1,1437486,1
206,512,CE,Masculino,33,3,17666662,1,1,0,9467077,0
207,550,MA,Masculino,37,3,0,1,1,1,17967031,0
208,608,CE,Feminino,41,3,8976384,1,0,0,19930474,1
209,618,MA,Masculino,34,5,13495453,1,1,1,15195439,0
210,643,MA,Masculino,45,5,0,1,1,0,1425135,1
211,671,MA,Masculino,45,2,10637685,1,0,1,15826462,0
212,689,CE,Masculino,33,2,16181464,2,1,0,1693819,0
213,603,MA,Masculino,31,8,0,2,1,1,16991502,0
214,620,MA,Feminino,41,9,0,2,0,0,8885247,0
215,676,MA,,34,1,6309501,1,1,1,4064581,0
216,572,CE,Masculino,26,4,11828701,2,0,0,604273,0
217,668,CE,Masculino,47,7,10685421,1,0,1,15795902,1
218,695,MA,Masculino,46,7,4951255,1,1,0,13300734,0
219,730,CE,Feminino,33,9,0,2,0,0,17657662,0
220,807,MA,Masculino,43,1,10579932,2,1,0,3488804,1
221,592,MA,Masculino,54,8,0,1,1,1,2873771,1
222,726,MA,Feminino,31,9,11472205,2,1,1,9817857,0
223,514,CE,Masculino,30,7,0,1,0,1,12501024,0
224,567,MA,Masculino,42,2,0,2,1,1,16798461,0
225,850,MA,Masculino,33,10,0,1,1,0,486172,1
226,671,CE,Masculino,45,6,9956422,1,1,1,10887245,1
227,670,MA,Masculino,37,4,17055791,2,1,0,19825288,0
228,694,MA,Feminino,30,9,0,2,1,1,2696031,0
229,547,CE,Feminino,39,6,7459615,3,1,1,8574652,1
230,751,CE,Masculino,50,2,9688839,1,1,0,7720625,1
231,594,CE,Feminino,29,3,13083022,1,1,0,6104853,0
232,673,MA,Masculino,72,1,0,2,0,1,1119811900,0
233,610,MA,Masculino,40,0,0,2,1,0,622326,0
234,512,MA,Feminino,37,1,0,2,0,1,15610503,0
235,767,CE,Masculino,20,3,11971425,2,0,1,15013538,0
236,585,MA,Feminino,67,5,11397897,2,0,1,9314611,0
237,763,CE,Masculino,42,6,10016075,1,1,0,3346294,1
238,712,MA,Feminino,29,2,0,1,1,1,144375,0
239,539,CE,Feminino,43,3,1162205,3,1,0,5580396,1
240,668,MA,Feminino,46,2,0,3,1,0,8904846,1
241,703,MA,Masculino,28,2,8117383,2,0,1,16281216,0
242,662,CE,Masculino,38,4,0,2,1,0,13625965,0
243,725,CE,Feminino,39,5,1168038,1,1,0,12405297,0
244,703,MA,Masculino,37,8,10596168,2,0,1,10000,0
245,659,CE,Masculino,67,6,1174116,1,1,1,4507109,1
246,523,CE,Masculino,34,7,0,2,1,0,6203006,0
247,635,MA,Feminino,40,10,12349758,1,1,0,13195323,1
248,772,CE,Masculino,26,7,15240051,2,1,0,79414,0
249,545,MA,Feminino,26,1,0,2,1,1,19963856,0
250,634,CE,Masculino,24,8,10309785,1,1,1,15757729,0
251,739,CE,Masculino,54,8,12641814,1,1,0,13442075,1
252,771,CE,Feminino,36,5,778469,1,0,0,9980599,0
253,587,CE,Feminino,34,1,0,2,1,1,9793268,0
254,681,MA,Feminino,79,0,0,2,0,1,17096899,0
255,544,CE,Masculino,37,2,7973191,1,1,1,5755895,0
256,696,CE,Masculino,28,8,0,1,0,0,17671347,0
257,766,CE,Masculino,41,0,0,2,0,1,3428323,0
258,727,MA,Masculino,34,10,0,2,1,1,19863734,0
259,671,CE,Feminino,34,6,3726667,2,0,0,15691712,0
260,693,MA,Feminino,30,6,12799225,1,1,1,504572,0
261,850,CE,Masculino,38,3,5490101,1,1,1,14007555,0
262,732,CE,Masculino,42,9,10874808,2,1,1,6532311,0
263,726,CE,Feminino,48,6,9990619,1,1,0,6432324,0
264,557,MA,Feminino,32,6,18468641,2,1,0,1495644,0
265,682,MA,Feminino,26,0,11065402,1,0,1,11187921,0
266,738,CE,Masculino,31,9,790198,1,1,1,1860623,0
267,531,CE,Feminino,36,9,9924051,1,1,0,12313701,0
268,498,MA,Masculino,34,2,0,2,1,1,14852824,0
269,651,MA,Masculino,36,7,0,2,1,0,1389831,0
270,549,CE,Feminino,39,7,0,1,0,0,8125925,1
271,791,CE,Feminino,35,7,524362,1,1,0,16105175,0
272,650,CE,Masculino,41,9,0,2,0,1,19159967,0
273,733,CE,Masculino,34,3,10033796,3,1,0,4855919,1
274,811,CE,Feminino,34,1,14929719,2,1,1,18633974,0
275,707,MA,Masculino,30,8,0,2,1,0,3315937,0
276,712,CE,Masculino,28,4,14560544,1,0,1,9388353,0
277,706,CE,Feminino,37,7,0,2,1,1,1108993,0
278,756,MA,Masculino,62,3,0,1,1,1,1119904,1
279,777,MA,Feminino,53,10,0,2,1,0,10000,0
280,646,MA,Masculino,35,6,8402686,1,0,1,16425569,0
281,714,MA,Masculino,46,1,0,1,1,0,15216779,1
282,782,MA,Masculino,39,8,0,2,1,1,3394967,0
283,775,CE,Masculino,29,10,0,2,1,1,6814393,0
284,479,CE,Masculino,35,4,13871892,1,1,1,4725179,1
285,807,MA,Masculino,42,7,11827471,1,1,1,2588572,0
286,799,MA,Feminino,22,8,17418598,2,0,1,19263385,0
287,675,MA,Masculino,40,7,11320886,2,1,0,3457736,0
288,602,CE,Masculino,29,5,10390728,1,1,0,16122984,0
289,475,MA,Feminino,32,8,11902328,1,1,0,10081629,0
290,744,CE,Feminino,26,5,16629789,1,1,1,18169444,0
291,588,CE,Masculino,34,10,0,2,1,0,7907891,0
292,703,CE,Masculino,42,9,63227,1,0,1,13731632,0
293,747,CE,Feminino,41,5,9452117,2,1,0,19492686,0
294,583,MA,Masculino,27,7,0,2,1,0,5128549,0
295,750,CE,Feminino,34,9,11282226,1,0,0,15040153,1
296,681,MA,Masculino,38,3,0,2,1,1,11249196,0
297,773,MA,Masculino,25,2,13590333,1,1,0,7365638,0
298,714,MA,,31,4,12516926,1,1,1,10663689,0
299,687,CE,Feminino,44,7,0,3,1,0,15585352,1
300,511,MA,Masculino,58,0,14911731,1,1,1,16259951,0
301,627,MA,Masculino,33,5,0,2,1,1,10373782,0
302,694,MA,Feminino,31,10,0,2,1,0,16099027,0
303,616,CE,Feminino,36,6,13231171,1,0,0,1546284,0
304,687,MA,Masculino,35,8,0,2,1,0,1033405,0
305,712,MA,Feminino,33,6,0,2,1,1,19068616,0
306,553,MA,Masculino,33,4,11808289,1,0,0,9444045,0
307,667,MA,Masculino,31,1,11926669,1,1,1,2825763,0
308,731,MA,Masculino,43,2,0,1,1,1,17003495,1
309,629,CE,Masculino,35,7,15684729,2,1,0,3182429,0
310,614,MA,Masculino,50,4,13710447,1,1,0,12716649,1
311,438,CE,Masculino,31,8,7839869,1,1,0,4493701,0
312,652,MA,Feminino,80,4,0,2,1,1,18860307,0
313,729,CE,Masculino,30,6,6366942,1,1,0,14511137,0
314,642,MA,Masculino,38,3,0,2,0,0,17146383,0
315,806,CE,Feminino,59,0,13529633,1,1,0,1828225,0
316,744,CE,Masculino,36,2,15380444,1,1,1,10000,0
317,474,CE,Masculino,37,3,0,2,0,0,5717532,0
318,559,MA,Masculino,49,2,14706978,1,1,0,12054083,1
319,706,CE,Masculino,42,9,0,2,1,1,2871434,0
320,628,CE,Feminino,22,3,0,1,1,0,8542628,0
321,429,MA,Masculino,24,4,9574175,1,1,0,4617075,0
322,525,CE,Feminino,57,2,14596533,1,1,1,6444836,0
323,680,MA,Feminino,30,8,14144175,1,1,1,1627897,0
324,749,MA,Masculino,40,1,13929041,1,1,0,18285542,1
325,763,MA,Feminino,31,4,0,2,0,0,5040472,0
326,734,MA,Masculino,30,3,0,2,1,0,10764025,0
327,716,MA,Masculino,35,4,14442887,1,1,0,13413265,0
328,594,MA,Masculino,35,2,0,2,1,0,10348069,0
329,644,MA,Feminino,46,9,9544127,1,1,0,10876105,1
330,671,CE,Masculino,35,1,14484874,1,1,1,1790123,0
331,664,CE,Masculino,26,7,11624414,2,1,1,9514514,0
332,656,MA,Masculino,50,7,0,2,0,1,,0
333,667,CE,Feminino,40,1,14650207,1,1,0,1916289,0
334,663,CE,Masculino,44,2,1170286,2,0,1,14468018,0
335,584,CE,Feminino,30,8,11201381,1,1,0,17777203,1
336,626,CE,Feminino,37,6,10826937,1,1,0,559794,0
337,485,MA,Masculino,29,7,18212379,1,1,0,11682851,1
338,659,CE,Feminino,32,3,15092374,2,0,1,17465251,0
339,649,MA,Masculino,33,2,0,2,1,0,201098,0
340,805,CE,Feminino,39,5,16527213,1,1,0,1410985,1
341,716,CE,Feminino,39,10,11530131,1,1,0,435274,1
342,642,CE,Feminino,40,6,12950249,2,0,1,8609923,1
343,659,MA,Masculino,31,4,11834226,1,0,0,16157419,0
344,545,CE,Feminino,47,5,0,2,1,1,3897014,0
345,543,MA,Masculino,22,8,0,2,0,0,12758722,0
346,718,MA,Feminino,25,7,0,2,1,0,3038012,0
347,840,MA,Feminino,43,7,0,2,1,0,9090895,0
348,630,CE,Feminino,34,9,10693705,2,1,0,13827501,0
349,643,CE,Masculino,59,3,17033137,1,1,1,3217179,0
350,654,CE,Feminino,32,1,11451085,1,1,1,12614323,0
351,582,MA,Masculino,39,5,0,2,1,1,12989293,0
352,659,CE,Masculino,32,3,10759411,2,1,1,10241684,0
353,762,CE,Masculino,39,2,8127313,1,1,1,1871967,0
354,568,CE,Feminino,32,7,1693996,1,1,0,6193622,0
355,670,CE,Masculino,25,6,0,2,1,1,7835894,0
356,613,MA,Feminino,45,1,18784199,2,1,1,14722427,0
357,539,MA,Masculino,30,0,0,2,1,0,16097966,0
358,850,CE,Feminino,57,8,1267763,2,1,1,13229849,0
359,522,CE,Masculino,34,9,12643629,1,1,0,17424852,1
360,737,MA,Masculino,41,1,10196074,1,1,1,12354728,0
361,520,MA,Masculino,58,3,0,2,0,1,3279002,0
362,706,CE,Masculino,28,3,0,2,0,1,18154367,0
363,643,CE,Feminino,45,2,15084293,1,0,1,231996,1
364,648,MA,Feminino,50,9,10253557,1,1,1,18954319,0
365,443,CE,Feminino,29,9,9902761,2,1,0,109404,0
366,640,MA,Masculino,68,9,0,2,1,1,19949338,0
367,628,CE,Feminino,33,3,0,1,1,1,18819325,0
368,540,CE,Feminino,42,9,8727141,2,1,0,17257264,0
369,460,CE,Feminino,35,8,10274291,2,1,1,1893396,0
370,636,CE,Masculino,34,2,4010551,2,0,1,5351216,0
371,593,MA,Feminino,29,2,15226543,1,1,0,3400444,0
372,801,CE,,42,4,14194767,1,1,1,1059829,0
373,640,CE,Feminino,75,1,10630791,2,0,1,11342877,0
374,611,CE,Masculino,31,0,10788481,2,1,1,18348798,0
375,802,CE,Masculino,31,1,12501372,1,1,1,18765809,0
376,717,CE,Masculino,35,7,5846937,2,1,1,17245939,0
377,769,MA,Feminino,39,8,0,1,0,1,21016,0
378,745,CE,Masculino,45,10,11723163,3,1,1,12238102,1
379,572,CE,Masculino,35,4,15239026,1,1,0,12812366,0
380,629,CE,Feminino,30,2,3401363,1,1,0,1957063,0
381,687,CE,Feminino,39,2,0,3,0,0,1881506,1
382,483,MA,Feminino,50,9,0,2,1,1,11102024,0
383,690,MA,Masculino,36,7,10158311,2,1,0,12377515,0
384,492,CE,Feminino,30,10,7716887,2,0,1,14670022,0
385,709,CE,Masculino,28,8,12469572,2,1,0,14525135,0
386,705,CE,Masculino,44,3,10593496,1,1,0,8246369,0
387,560,MA,Feminino,66,9,0,1,1,1,1592849,0
388,611,CE,Masculino,46,6,0,2,1,0,4588633,0
389,730,CE,Masculino,62,2,0,2,1,1,18648995,0
390,709,CE,Feminino,45,2,0,2,0,1,16292265,0
391,544,MA,Feminino,21,10,16152596,2,1,0,926277,0
392,712,CE,Feminino,29,7,14719907,1,1,1,849324,0
393,752,CE,Masculino,38,3,18310229,1,1,1,7155712,0
394,648,CE,Masculino,46,9,127209,2,1,0,7740595,1
395,556,CE,Masculino,38,8,0,2,0,0,41741,1
396,594,CE,Feminino,24,0,9737854,1,1,1,7140517,0
397,645,CE,Feminino,37,2,13692509,2,0,1,15340024,0
398,557,MA,Masculino,33,3,5450355,1,1,1,37105,0
399,547,CE,Masculino,32,8,15572685,1,1,0,6778999,0
400,701,MA,Feminino,39,9,0,2,0,1,1458949,0
401,616,MA,Feminino,66,1,13584241,1,1,0,18384051,1
402,605,MA,Masculino,52,1,6334975,1,1,0,10888744,0
403,593,CE,Feminino,38,4,12949942,1,1,1,15407127,0
404,751,CE,Masculino,52,8,0,2,0,1,17929185,0
405,443,CE,Masculino,36,6,7043801,2,0,1,5693743,0
406,685,MA,Masculino,23,8,0,2,1,1,11223903,0
407,718,MA,Masculino,36,9,0,1,1,0,4590987,0
408,538,CE,Feminino,49,9,14143404,1,0,0,17377925,1
409,611,CE,Feminino,37,4,0,2,1,0,12569626,0
410,668,CE,Masculino,37,10,15295829,2,1,1,15958561,0
411,537,CE,Feminino,41,3,13830634,1,1,0,10676147,0
412,709,CE,Masculino,23,10,0,2,0,0,12959018,0
413,850,MA,Masculino,38,1,0,2,1,1,8000665,0
414,745,CE,Feminino,31,3,12432884,1,1,1,14045152,0
415,693,CE,Feminino,41,9,18146148,3,1,1,18792943,1
416,795,CE,Masculino,35,8,0,2,1,0,16715536,0
417,626,CE,Masculino,26,8,0,2,0,0,19142071,0
418,487,CE,Feminino,61,5,11036803,1,0,0,1138445,1
419,556,MA,Feminino,39,9,8958835,1,1,1,948981,0
420,643,MA,Feminino,46,6,0,2,0,0,10678159,0
421,605,MA,Feminino,28,6,0,2,0,0,15950852,0
422,756,CE,Feminino,60,3,11592489,1,1,0,9352419,1
423,586,MA,Feminino,38,2,0,2,1,0,8716846,0
424,535,CE,Masculino,40,7,1117565,1,1,0,812832,1
425,678,MA,Feminino,35,4,0,1,1,0,12551832,0
426,596,MA,Masculino,39,9,0,1,1,0,4896359,0
427,648,MA,Masculino,26,9,16292385,1,1,0,9836824,0
428,492,CE,Masculino,39,10,12457665,2,1,0,,0
429,702,MA,Masculino,45,0,8079358,1,1,1,2747481,0
430,486,CE,Feminino,40,9,7134009,1,1,0,7619221,0
431,568,CE,Masculino,40,1,9928263,1,0,0,13460094,1
432,619,CE,Masculino,57,3,13794639,1,1,1,7246799,1
433,724,CE,Masculino,41,2,12789257,2,0,1,19964545,0
434,548,CE,Feminino,33,0,10108436,1,1,0,4274985,0
435,545,CE,Feminino,37,8,11475408,1,1,0,13605044,1
436,683,MA,Masculino,33,8,0,1,0,0,7356444,0
437,762,MA,Feminino,51,3,9928698,1,0,1,8557863,0
438,627,CE,Feminino,30,4,7987102,2,1,0,12982689,0
439,516,MA,Masculino,35,10,10408859,2,0,0,119666,0
440,800,MA,Feminino,38,2,16819033,2,1,0,6805208,0
441,464,CE,Feminino,42,3,8567925,1,1,1,16410474,0
442,626,MA,Feminino,35,3,0,1,0,0,8019036,0
443,790,MA,Feminino,31,9,0,2,1,0,8412675,0
444,534,MA,Feminino,34,7,12155158,2,1,1,70179,0
445,745,MA,Masculino,46,2,12222019,1,1,1,1180241,0
446,553,CE,Masculino,47,3,11652815,1,0,0,14570419,1
447,748,MA,Feminino,26,1,7778029,1,0,1,18304941,0
448,722,MA,Masculino,37,2,0,1,0,0,12090683,0
449,501,MA,Masculino,40,4,1258322,1,1,1,10043383,0
450,675,MA,Feminino,38,6,680658,1,0,0,138777,1
451,778,CE,Feminino,47,6,12729934,2,1,0,12469499,0
452,494,CE,Feminino,38,7,17493764,1,1,0,4008432,0
453,850,MA,Masculino,40,9,0,2,0,1,11923233,0
454,592,CE,Masculino,31,7,1100711,1,0,0,4392136,0
455,590,CE,Feminino,44,3,13943237,1,1,0,6222281,0
456,758,MA,Feminino,39,6,12735776,1,0,1,56577,0
457,506,MA,Masculino,36,5,0,2,1,0,16425335,0
458,733,MA,Masculino,33,3,0,1,1,1,766673,0
459,711,MA,Masculino,38,3,0,2,1,0,6848751,0
460,514,CE,Masculino,43,1,9555631,1,0,1,19927398,1
461,637,CE,Masculino,37,8,0,1,1,1,18606236,0
462,468,CE,Masculino,29,1,11168198,2,1,1,19571116,0
463,539,MA,Masculino,39,3,0,2,1,0,3669217,0
464,509,CE,Feminino,25,3,10873871,2,1,0,10692057,0
465,662,MA,Feminino,32,4,13395037,1,1,1,4872568,1
466,818,CE,Masculino,26,4,0,2,1,1,16703694,0
467,608,MA,Masculino,33,9,8996869,1,1,0,6877726,0
468,850,CE,Feminino,32,9,0,2,1,1,1892492,0
469,816,CE,Feminino,38,5,13087875,3,1,0,7190577,1
470,536,MA,Masculino,35,8,0,2,1,0,6483328,0
471,753,MA,Masculino,35,3,0,2,1,1,18484377,0
472,631,CE,Masculino,27,10,13416962,1,1,1,10000,0
473,703,MA,Masculino,37,1,14976208,1,1,0,206294,1
474,774,MA,Masculino,26,2,9384469,1,1,0,2841536,0
475,785,MA,Masculino,28,8,0,2,1,0,7723127,0
476,571,MA,Feminino,33,1,0,2,1,0,1027507,0
477,621,CE,Masculino,46,6,14107837,1,0,0,345808,1
478,605,CE,Feminino,31,1,11799259,1,1,1,18359877,0
479,611,MA,Feminino,40,8,10081233,2,1,0,14735827,0
480,569,MA,Masculino,38,7,0,1,1,1,1084692,0
481,658,MA,Masculino,29,4,802626,1,1,1,2061282,0
482,788,CE,Masculino,34,6,15647862,1,0,1,18119676,0
483,525,MA,Feminino,23,5,0,2,1,0,1602491,0
484,798,MA,Masculino,37,8,0,3,0,0,11078328,0
485,486,CE,Masculino,37,9,11521799,2,1,0,14499533,0
486,615,CE,Masculino,61,9,0,2,1,0,15022785,1
487,730,MA,Feminino,35,0,15547055,1,1,1,5371828,0
488,641,MA,Masculino,37,7,0,2,1,0,752483,0
489,542,MA,Masculino,39,3,13509677,1,1,1,1435343,1
490,692,MA,Masculino,30,2,0,2,0,1,13048657,0
491,714,CE,Feminino,55,9,18007522,1,1,1,10012771,0
492,591,CE,Masculino,29,1,9754124,1,1,1,19635617,0
493,710,MA,Feminino,41,2,15606705,1,1,1,998388,0
494,639,MA,Feminino,38,4,8155094,2,0,1,11897477,0
495,531,MA,Feminino,47,6,0,1,0,0,19499834,1
496,673,MA,Feminino,38,2,17006192,2,0,0,13490134,1
497,765,CE,Masculino,36,8,9231054,2,1,1,7292456,0
498,622,MA,Feminino,32,6,16908938,2,1,0,10105795,0
499,806,MA,Masculino,40,5,8061393,1,1,1,14283864,0
500,757,CE,Masculino,26,8,12158156,2,1,1,12705904,0
501,570,MA,Feminino,58,8,0,1,0,1,11650392,1
502,555,CE,Masculino,32,4,0,2,1,1,5440579,0
503,692,MA,,54,5,0,2,1,1,8872184,0
504,774,MA,Masculino,60,5,8589155,1,1,0,7413548,1
505,638,CE,Masculino,44,9,7763735,2,1,1,11134622,0
506,543,CE,Feminino,41,4,0,1,0,0,19490216,0
507,584,MA,Masculino,31,5,0,2,1,0,3147427,0
508,691,CE,Masculino,30,7,11692789,1,1,0,2119839,0
509,684,CE,Feminino,40,6,13732665,1,1,0,1869766,0
510,733,MA,Masculino,22,5,0,2,1,1,11720219,0
511,599,CE,Feminino,37,2,0,2,1,1,14373929,0
512,524,CE,Feminino,31,10,6723898,2,1,1,16181123,0
513,632,CE,Feminino,38,6,8656976,2,1,0,9809091,0
514,735,CE,Masculino,34,5,0,2,0,0,7109541,0
515,734,MA,Masculino,34,6,1335984,1,1,1,1310724,0
516,605,MA,Feminino,51,3,13618878,1,1,1,6711059,1
517,793,CE,Masculino,38,9,0,2,1,0,8822502,0
518,468,MA,Feminino,56,10,0,3,0,1,6225687,1
519,779,CE,Masculino,37,7,12009252,2,1,0,13592572,0
520,698,MA,Masculino,48,4,10123824,2,0,1,17781587,1
521,707,MA,Masculino,58,6,8968592,1,0,1,12647113,0
522,850,MA,Feminino,35,1,21177431,1,1,0,18857412,1
523,850,MA,Masculino,56,7,13131748,1,1,1,11917545,0
524,527,CE,Masculino,37,5,9372273,2,1,1,13909373,0
525,696,CE,Masculino,32,8,10116099,1,1,1,11591655,0
526,661,MA,Masculino,48,3,12032054,1,0,0,9646325,0
527,776,MA,Feminino,31,2,0,2,1,1,11234951,0
528,701,MA,Masculino,43,2,0,2,1,1,16530379,0
529,610,MA,Masculino,26,8,0,2,1,0,16603108,0
530,572,CE,Feminino,48,3,15282799,1,1,0,3841179,1
531,673,MA,Masculino,30,1,6409775,1,1,1,7778335,0
532,519,CE,Feminino,57,2,11903535,2,1,1,2987179,0
533,702,CE,Feminino,26,4,13521957,1,0,1,5974763,0
534,729,MA,Masculino,32,6,9369442,1,1,1,7991913,0
535,543,CE,Masculino,35,10,5940863,1,1,0,7677353,0
536,550,MA,Feminino,40,7,11435495,1,1,0,5401893,0
537,608,MA,Masculino,59,1,0,1,1,0,7064964,1
538,639,CE,Masculino,35,10,1281739,2,1,0,5909339,0
539,686,CE,Masculino,34,9,0,2,1,0,1275698,0
540,564,CE,Feminino,62,5,11493135,3,0,1,1826098,1
541,745,CE,Feminino,28,1,11107136,1,1,0,7327596,1
542,833,MA,Masculino,37,8,15122618,2,1,1,13612949,0
543,622,MA,Masculino,26,9,0,2,1,1,15323759,0
544,597,MA,Feminino,42,4,6474012,1,1,1,10684112,0
545,721,CE,Masculino,51,0,16931213,1,1,0,10907835,1
546,504,MA,Feminino,49,7,0,3,0,1,8782214,1
547,842,CE,Feminino,44,2,11265208,2,1,0,12664498,0
548,587,MA,Masculino,38,0,0,2,1,0,4741415,0
549,479,CE,Feminino,30,7,14396436,2,1,0,4187999,0
550,508,MA,Masculino,49,7,12245146,2,1,1,758081,0
551,749,MA,Masculino,24,1,0,3,1,1,4791103,0
552,721,CE,Feminino,36,3,6525307,2,1,0,,0
553,674,CE,Masculino,47,6,10690194,1,1,1,20792,1
554,685,CE,Feminino,25,10,12850963,1,1,0,12156233,0
555,417,MA,Masculino,34,7,0,2,1,0,5500379,0
556,574,CE,Masculino,33,3,12983467,1,1,0,19313142,0
557,590,CE,Feminino,51,3,15496299,3,0,1,19193227,1
558,587,CE,Masculino,40,5,1382419,2,1,0,1594181,0
559,598,CE,Masculino,41,3,9153693,1,1,0,19146878,1
560,741,CE,Masculino,53,3,0,2,1,1,3891368,0
561,850,CE,Feminino,70,5,0,1,1,1,70518,0
562,584,CE,Feminino,29,7,10520401,1,0,1,13849003,0
563,650,CE,Masculino,61,1,15296873,1,0,1,8297069,0
564,607,CE,Masculino,36,8,15826168,1,1,1,7674472,0
565,509,MA,Feminino,46,1,0,1,1,0,7124459,1
566,689,CE,Feminino,38,6,12102105,1,1,1,1218215,0
567,543,MA,Masculino,36,4,0,2,1,1,1412105,0
568,438,CE,Feminino,54,2,0,1,0,0,19176307,1
569,687,CE,Feminino,63,1,13771566,1,1,1,3793874,0
570,737,CE,Masculino,31,5,12119222,2,1,1,7489058,0
571,761,MA,Masculino,31,7,0,3,1,1,16669818,0
572,601,MA,Masculino,44,1,10048618,2,1,1,6267853,0
573,651,MA,Masculino,45,1,0,1,1,0,6774008,1
574,745,MA,Masculino,35,9,9256653,2,1,0,16151977,0
575,648,CE,Feminino,49,10,0,2,1,1,15983578,1
576,848,CE,Masculino,40,3,11092996,1,1,1,3087684,0
577,546,MA,Feminino,27,8,0,2,1,1,148581,0
578,439,CE,Feminino,32,3,13890161,1,1,0,7568597,0
579,755,MA,Masculino,30,4,12321766,2,0,1,1441831,0
580,593,MA,Feminino,41,6,0,1,1,0,6517066,0
581,701,MA,Masculino,39,2,0,2,1,1,8252692,0
582,701,CE,Masculino,36,8,0,2,1,0,16916146,0
583,607,CE,Feminino,33,2,10843187,2,0,1,10929139,1
584,586,CE,Feminino,57,3,0,2,0,1,605781,0
585,547,CE,Feminino,30,9,7239241,1,1,0,7707714,0
586,647,CE,Feminino,51,1,11974177,2,0,0,5495451,1
587,760,MA,Feminino,51,2,10094671,1,0,0,1796148,1
588,621,CE,Masculino,53,9,17049184,1,1,0,3558807,1
589,725,MA,Masculino,44,5,0,1,1,1,11735614,0
590,526,MA,Masculino,36,1,0,1,1,0,16069672,0
591,519,CE,Feminino,47,6,15729602,2,0,0,14727843,1
592,713,CE,Feminino,38,7,14460622,1,1,1,5659436,1
593,700,MA,Masculino,38,8,1348113,1,1,0,129975,0
594,666,MA,Feminino,34,9,11589712,1,1,1,2509503,0
595,630,CE,Masculino,32,4,82034,1,0,0,14632645,0
596,779,CE,Feminino,26,4,17431813,2,0,1,3829621,0
597,611,CE,Feminino,41,2,11420684,1,1,0,1640616,0
598,685,CE,Masculino,43,9,0,2,1,0,10781128,0
599,646,CE,Masculino,39,9,11157441,1,1,1,3083851,0
600,683,CE,Feminino,57,5,16244869,1,0,0,922178,1
601,484,CE,Feminino,34,4,14824954,1,0,1,3373827,0
602,601,MA,Feminino,43,8,0,3,0,1,11091615,1
603,762,CE,Feminino,26,7,12370946,2,1,1,16965457,0
604,687,MA,Feminino,72,9,0,1,0,1,698294,0
605,566,MA,Masculino,30,5,0,1,1,0,5492651,1
606,702,MA,Masculino,37,10,1505258,1,1,1,9472849,0
607,601,MA,Masculino,29,9,0,1,1,1,8039327,0
608,699,MA,Masculino,53,4,0,2,0,1,11130798,0
609,584,MA,Masculino,28,10,0,2,1,0,1983432,0
610,699,MA,Masculino,35,5,0,2,1,1,7839724,0
611,698,CE,Feminino,51,2,11101898,1,1,0,8641028,0
612,495,MA,Masculino,30,10,12975599,1,0,0,17274965,0
613,650,MA,Feminino,27,6,0,2,1,0,100239,0
614,605,MA,Feminino,64,2,1295557,1,1,1,1360179,0
615,667,CE,Masculino,38,1,8720238,1,1,1,7786691,0
616,688,CE,Masculino,26,8,14613339,1,1,1,17529676,0
617,727,CE,Feminino,31,0,0,1,1,0,12175104,1
618,754,CE,Masculino,39,6,17018499,2,1,0,8959326,0
619,612,CE,Feminino,62,8,14074533,1,1,0,19343789,1
620,546,CE,Masculino,42,7,13907051,1,1,1,86945,0
621,673,CE,Feminino,37,8,0,2,1,1,18331879,0
622,593,MA,Masculino,35,9,11419324,1,1,0,711541,0
623,656,CE,Feminino,40,10,1678785,1,0,1,15188716,0
624,535,CE,Feminino,53,5,14161655,2,1,1,7588865,0
625,678,CE,Masculino,36,3,14574767,2,0,1,8956674,0
626,477,CE,Feminino,48,2,12912064,1,0,1,2647579,0
627,850,CE,Masculino,35,7,11034982,1,0,0,1263558,0
628,427,MA,Masculino,29,1,14132556,1,1,1,938393,0
629,752,MA,Masculino,49,2,7865384,1,1,0,76986,0
630,649,MA,Masculino,47,1,0,2,1,1,14559385,0
631,799,CE,Feminino,28,3,14225365,1,1,0,4504256,0
632,589,MA,Feminino,61,1,0,1,1,0,6110856,1
633,583,CE,Feminino,54,6,11598886,1,1,0,5755398,1
634,839,CE,Feminino,33,10,7559243,1,1,0,6267442,0
635,540,CE,Masculino,44,3,16411304,2,1,1,1212079,0
636,850,MA,Masculino,31,6,6799623,2,0,0,5012987,1
637,696,CE,Feminino,51,5,0,2,1,0,5502243,0
638,660,CE,Feminino,33,1,0,2,0,0,11783491,0
639,682,MA,Masculino,48,1,13877815,1,0,1,16884023,0
640,744,MA,Feminino,43,10,14783215,1,0,1,2423411,0
641,785,MA,Feminino,36,4,1354384,1,0,0,19062701,0
642,752,CE,Masculino,48,5,11606008,1,1,0,15661838,1
643,706,MA,Feminino,29,5,11256462,1,1,0,4233438,0
644,583,MA,Feminino,27,1,12540658,1,1,1,11078442,0
645,660,CE,Feminino,39,5,13513499,1,1,0,173683,1
646,819,MA,Feminino,39,9,13310292,1,1,0,2704646,1
647,673,MA,Feminino,34,8,4215708,1,1,0,2059859,1
648,752,MA,Feminino,30,3,0,2,1,1,10499128,0
649,578,MA,Masculino,38,7,8225929,1,1,0,899697,0
650,438,MA,Feminino,36,4,0,2,1,0,644205,0
651,652,MA,Masculino,38,6,0,2,1,1,14570022,0
652,629,MA,Feminino,49,4,0,2,1,1,19633548,0
653,720,MA,Masculino,52,7,0,1,1,1,1478112,0
654,668,MA,Masculino,42,3,15046107,1,1,0,10813923,0
655,459,CE,Masculino,48,4,13399452,1,1,1,1928706,1
656,729,CE,Masculino,31,8,16487081,2,1,1,956739,0
657,498,CE,Masculino,25,8,12170273,1,1,1,13221049,0
658,549,CE,Masculino,25,6,1938582,1,0,1,2160011,0
659,601,CE,Feminino,54,1,13103997,2,1,1,1996615,0
660,544,MA,Masculino,64,9,11382945,1,1,1,12434149,0
661,751,MA,Feminino,30,6,0,2,1,0,157661,0
662,632,CE,Feminino,41,3,8187738,1,1,1,3364221,0
663,694,CE,Masculino,57,8,11632607,1,1,1,11770465,0
664,678,MA,Masculino,31,2,0,2,1,1,5880328,0
665,695,MA,Masculino,46,4,0,2,1,1,13753722,0
666,661,MA,Feminino,41,1,0,2,0,1,13130068,0
667,661,MA,Masculino,33,9,0,2,1,1,8417481,0
668,559,MA,Feminino,31,3,12707073,1,0,1,16094178,0
669,503,MA,Masculino,29,3,0,2,1,1,14395499,0
670,695,CE,Masculino,46,3,12254964,1,1,1,5629785,0
671,640,MA,Feminino,42,5,17609913,1,1,1,840473,0
672,624,CE,Feminino,48,3,12238838,2,0,0,3002009,0
673,667,MA,Masculino,42,9,0,2,0,1,5813742,0
674,642,MA,Masculino,26,0,0,1,0,0,4747268,0
675,640,CE,Feminino,32,6,11887935,2,1,1,1913171,0
676,529,CE,Masculino,35,5,0,2,1,1,1872885,0
677,563,MA,Feminino,39,5,0,2,1,1,1760381,0
678,593,CE,Feminino,38,4,8873644,2,1,0,6702003,0
679,739,CE,Masculino,45,7,10270362,1,0,1,14780294,1
680,788,CE,Feminino,70,1,0,2,1,1,4161062,0
681,684,CE,Feminino,38,3,0,2,1,0,4425565,0
682,482,MA,Masculino,55,5,9731825,1,0,1,7841614,0
683,591,CE,Masculino,58,5,12846869,1,0,1,13725455,0
684,651,CE,Feminino,41,4,13343259,1,0,1,15130348,0
685,749,CE,Feminino,40,8,14178257,2,0,0,8633363,0
686,583,MA,Masculino,24,9,13512528,1,0,0,898019,0
687,661,CE,Masculino,42,2,17882091,1,0,0,2935857,1
688,715,MA,Feminino,31,2,11221214,2,1,1,18160072,0
689,769,CE,Feminino,45,5,12667481,1,1,0,12411871,1
690,625,MA,Feminino,51,7,13629497,1,1,0,3886746,1
691,641,MA,Feminino,36,5,6639264,1,1,0,3110667,0
692,716,CE,Masculino,27,1,12255234,2,1,0,6761136,0
693,767,MA,Masculino,43,1,7640885,2,1,0,7783763,0
694,745,CE,Masculino,36,8,14507124,1,0,0,607846,0
695,589,MA,Masculino,34,6,0,2,1,1,17789692,0
696,796,MA,Feminino,45,2,10973022,1,1,1,12388273,0
697,664,MA,Masculino,57,6,0,2,1,1,1530408,0
698,445,CE,Masculino,62,1,6411938,1,1,1,7656964,1
699,543,CE,Feminino,57,1,10613833,2,1,1,12065732,1
700,746,CE,Masculino,36,2,0,2,1,1,1643656,0
701,742,CE,Masculino,33,0,18165651,1,1,1,10766791,0
702,750,MA,Feminino,32,5,0,2,1,0,9561147,0
703,669,MA,Masculino,30,7,9512886,1,0,0,1979926,0
704,594,CE,Feminino,49,2,12661594,2,0,1,12321474,0
705,574,CE,Masculino,36,1,0,2,0,1,7170912,0
706,659,CE,Masculino,36,2,7619048,2,1,1,14906614,0
707,750,CE,Masculino,40,5,16828681,3,1,0,2045199,1
708,626,CE,Masculino,35,4,8810981,1,1,1,328255,0
709,620,MA,Masculino,42,4,0,2,1,0,623231,0
710,580,MA,Feminino,35,8,0,2,0,1,1035703,0
711,686,MA,Feminino,34,3,12397151,2,1,0,14779463,0
712,540,MA,Masculino,48,0,14811648,1,0,0,11697348,0
713,634,CE,Masculino,35,6,11626901,1,1,0,12996494,0
714,632,CE,Masculino,38,1,12059921,1,1,0,9281686,0
715,501,MA,Feminino,41,3,1442605,1,1,0,17211467,0
716,650,CE,Feminino,25,3,866055,3,1,0,1664931,1
717,786,MA,Masculino,34,9,0,2,1,0,14451719,0
718,554,CE,Feminino,37,4,5862997,1,0,0,1820386,0
719,701,CE,Feminino,42,5,0,2,0,0,2421056,0
720,474,MA,Masculino,45,10,0,2,0,0,1721759,0
721,621,MA,Feminino,43,5,0,1,1,1,4757845,0
722,672,CE,Feminino,56,2,20976731,2,1,1,15069442,1
723,459,CE,Feminino,42,6,12963425,2,1,1,17768302,1
724,669,MA,Masculino,23,1,0,2,0,0,6608883,0
725,776,MA,Feminino,38,2,16982446,1,1,0,1692917,0
726,694,MA,Masculino,36,3,9753025,1,1,1,11714041,0
727,787,MA,Feminino,42,10,14598865,2,1,1,7951037,0
728,580,MA,Masculino,37,9,0,2,0,1,7710866,0
729,711,MA,Feminino,25,7,0,3,1,1,967928,0
730,673,MA,Feminino,40,5,13749428,1,1,0,8175392,0
731,499,MA,Feminino,57,1,0,1,0,0,13137238,1
732,591,MA,Masculino,24,6,147360,1,1,1,2531082,0
733,769,MA,Feminino,25,10,0,2,0,0,18792575,0
734,657,CE,Masculino,31,3,12516702,1,0,0,9882039,0
735,738,CE,Masculino,43,9,12115205,2,1,0,641667,1
736,545,CE,Feminino,60,7,12898107,1,0,1,17692421,1
737,497,MA,Masculino,47,6,0,1,1,1,9005508,0
738,816,CE,Masculino,67,6,15185898,1,1,1,7281431,0
739,525,MA,Masculino,36,2,1146284,1,0,1,16829006,0
740,725,MA,Masculino,46,6,0,2,1,0,16176738,0
741,692,MA,Feminino,28,8,9505902,2,1,0,4442018,0
742,618,MA,Feminino,24,7,12873639,1,0,1,3714761,0
743,546,MA,Masculino,24,8,15632538,1,1,1,12538102,0
744,635,MA,Masculino,29,7,10540597,1,1,1,14985389,0
745,611,MA,Feminino,49,2,8891537,3,0,0,16143502,1
746,650,MA,Masculino,60,8,0,2,1,1,10292576,0
747,606,MA,Masculino,40,5,0,2,1,1,7089927,0
748,844,MA,Masculino,18,2,16098003,1,0,0,14593628,0
749,450,CE,Feminino,46,5,17761971,1,1,0,5422706,0
750,727,CE,Masculino,38,2,6227699,1,1,1,5928079,0
751,460,CE,Masculino,46,4,12755997,2,1,1,1269525,0
752,649,MA,Masculino,41,0,0,2,0,1,13056702,0
753,758,CE,Feminino,47,9,9552316,1,1,0,7329448,0
754,490,MA,Feminino,35,7,10774903,1,1,1,393737,0
755,815,CE,Masculino,37,2,11077726,2,1,0,238359,0
756,838,CE,Feminino,39,5,16673392,2,1,0,1427944,0
757,803,MA,Masculino,31,9,15712086,2,1,0,14130053,0
758,664,CE,Feminino,36,2,12716078,2,1,0,7814075,0
759,736,CE,Feminino,28,2,0,2,1,1,1174311,0
760,633,MA,Feminino,37,9,15609197,1,1,0,7200861,0
761,664,MA,Masculino,58,5,9866818,1,1,1,6088758,0
762,600,MA,Feminino,43,5,13402206,1,1,0,19476483,0
763,693,MA,Feminino,35,5,12415109,1,1,0,8870514,1
764,663,CE,Feminino,36,6,772535,1,0,0,3581797,1
765,742,CE,Feminino,21,1,11429248,1,1,0,315204,0
766,710,CE,Masculino,43,2,14008032,3,1,1,15790819,1
767,710,CE,Feminino,27,2,13527796,1,1,0,14220015,0
768,700,MA,Feminino,82,2,0,2,0,1,18205536,0
769,720,CE,Masculino,60,9,11592062,2,0,0,15755208,1
770,684,CE,Masculino,41,2,11978272,2,0,0,12028467,0
771,531,MA,Feminino,63,1,11471571,1,0,1,2450695,1
772,742,CE,Feminino,36,2,12974854,2,0,0,4727161,1
773,717,MA,Masculino,31,4,12972257,1,0,0,411766,0
774,589,MA,Masculino,32,2,0,2,0,1,946864,0
775,767,MA,Masculino,36,3,1391802,1,0,0,12388019,0
776,636,CE,Masculino,49,6,11359974,2,1,0,15888709,1
777,648,MA,Masculino,33,7,134944,1,1,1,11703638,0
778,622,CE,Feminino,58,7,11692225,1,1,0,12041561,1
779,692,CE,Masculino,28,9,11894509,1,0,0,1606425,1
780,754,MA,Masculino,28,8,0,2,1,1,5261562,0
781,679,CE,Feminino,35,8,11918273,1,0,0,12121009,0
782,639,MA,Masculino,27,8,0,2,1,0,19224735,0
783,774,MA,Feminino,28,1,7126402,2,0,1,6875957,0
784,517,MA,Masculino,41,2,0,2,0,1,7593747,0
785,571,MA,Feminino,35,8,0,2,0,0,8456913,0
786,747,CE,Masculino,58,7,11631357,1,1,1,19069635,1
787,792,CE,Masculino,36,5,9214015,1,0,1,6746867,0
788,688,MA,Masculino,26,1,0,2,1,1,10443594,0
789,714,CE,Masculino,42,2,17764009,1,0,1,4716655,0
790,562,CE,Feminino,35,0,0,2,1,0,11989952,0
791,704,CE,Masculino,48,8,1679976,1,1,1,17349845,0
792,698,MA,Masculino,36,2,8227535,2,1,1,9324926,0
793,611,MA,Masculino,49,3,0,2,1,1,14291754,0
794,850,CE,Feminino,48,6,11196299,1,1,0,1117558,0
795,743,CE,Feminino,34,1,13173688,1,1,1,10854321,0
796,654,MA,Masculino,29,1,0,1,1,0,18034544,0
797,761,CE,Masculino,36,8,10823911,2,0,0,9944402,0
798,702,MA,Feminino,46,9,9844419,1,0,1,10956328,0
799,488,CE,Masculino,32,3,11454038,1,1,0,9256807,0
800,683,MA,Feminino,35,6,18753066,2,1,1,3797636,0
801,601,CE,Feminino,42,9,13363616,1,0,1,10331574,0
802,605,MA,Masculino,52,7,0,2,1,1,1739525,0
803,671,CE,Feminino,44,0,8474503,2,0,1,3467398,0
804,614,CE,Feminino,31,7,12059938,2,1,1,4616344,0
805,511,CE,Feminino,29,9,0,2,0,1,14067698,0
806,850,MA,Masculino,39,4,12777135,2,0,1,15173854,0
807,790,CE,Feminino,46,9,0,1,0,0,1467981,1
808,793,MA,Feminino,33,0,0,1,0,0,17554402,0
809,628,MA,Masculino,69,5,0,2,1,1,1819646,0
810,598,CE,Masculino,53,10,16777296,1,1,1,13688686,0
811,657,MA,Feminino,37,6,958456,1,1,0,12221823,0
812,618,MA,Feminino,35,10,0,2,1,0,18043975,0
813,681,CE,Masculino,65,7,1347147,2,0,1,19041981,0
814,516,CE,Feminino,33,3,0,2,1,1,5868559,0
815,421,CE,Masculino,28,8,12238422,3,1,1,8901738,1
816,700,MA,Feminino,26,2,0,2,0,0,5005142,0
817,745,MA,Masculino,25,5,15799315,2,1,0,14604145,0
818,696,MA,Masculino,29,8,0,2,1,0,19116609,0
819,580,CE,Feminino,42,2,12333136,1,0,0,10351608,1
820,497,CE,Masculino,27,9,7526316,1,1,1,16482504,0
821,720,MA,Feminino,43,6,13782403,2,1,0,17255777,0
822,659,CE,Masculino,36,4,13257892,2,1,0,8432094,0
823,841,MA,Feminino,36,5,15602131,1,0,0,12266298,0
824,642,CE,Masculino,34,8,0,1,1,0,720851,0
825,732,CE,Feminino,69,9,13745343,1,0,1,11093224,1
826,600,CE,Masculino,36,4,0,2,1,0,14363536,0
827,464,CE,Masculino,33,8,16428472,2,1,1,371034,0
828,680,MA,Feminino,47,5,0,2,1,1,17984333,0
829,758,CE,Masculino,56,1,0,2,1,1,1064338,0
830,630,CE,Feminino,31,2,11237349,2,1,1,13116798,0
831,577,MA,Feminino,39,10,0,2,1,0,1055331,0
832,684,MA,Feminino,34,6,0,2,1,1,13092822,0
833,708,CE,Feminino,41,5,0,1,0,1,15700399,0
834,732,CE,Feminino,29,1,15433382,1,1,1,13852756,0
835,634,CE,Masculino,37,3,11143277,2,1,1,16703249,0
836,633,MA,Feminino,30,6,0,2,0,0,4164229,0
837,559,MA,Masculino,34,2,13739011,2,1,0,9677,0
838,694,CE,Feminino,37,3,0,2,1,1,14701222,0
839,686,CE,Feminino,56,5,11164208,1,1,1,8055387,0
840,553,CE,Feminino,48,3,0,1,0,1,3073095,1
841,507,MA,Masculino,36,4,8354337,1,0,0,14013443,0
842,732,CE,Masculino,50,6,14533876,1,0,0,919361,1
843,818,MA,Feminino,31,1,18679637,1,0,0,17825263,0
844,660,CE,Masculino,35,8,5864143,1,0,1,19867408,0
845,773,CE,Feminino,41,5,0,1,1,0,282669,1
846,640,MA,Masculino,44,3,13714868,1,1,0,9238101,0
847,505,MA,Masculino,49,7,8000123,1,0,0,13518011,0
848,714,CE,Masculino,21,6,8640252,2,0,0,2733059,0
849,468,MA,Feminino,42,5,0,2,1,0,12530534,0
850,611,CE,Masculino,51,1,12287474,1,1,1,14964845,0
851,705,MA,Masculino,25,0,9754429,1,0,1,5988715,0
852,646,CE,Masculino,46,1,17082655,2,1,0,4504132,0
853,667,CE,Feminino,0,1,9713392,2,0,0,11331677,1
854,511,CE,Feminino,41,8,15389565,1,1,1,3908742,0
855,653,MA,Feminino,43,6,0,2,1,1,733059,0
856,675,MA,Feminino,57,8,0,2,0,1,9546329,0
857,523,CE,Masculino,32,4,0,2,1,0,16784802,0
858,567,CE,Feminino,49,5,13495602,1,1,0,9395384,1
859,741,CE,Masculino,39,7,14363758,2,0,1,17422766,0
860,456,CE,Masculino,32,9,14750625,1,1,1,13539921,0
861,598,MA,Masculino,64,1,0,2,1,0,1956353,1
862,667,MA,Masculino,43,8,19022746,1,1,0,9750804,1
863,548,MA,Feminino,32,2,17244877,1,1,0,18808377,1
864,725,MA,Masculino,41,7,11398021,1,1,1,11670425,0
865,717,MA,Masculino,53,6,0,2,0,1,9761487,0
866,594,MA,Masculino,38,4,0,2,0,0,18688404,0
867,678,CE,Feminino,25,10,7696812,2,0,1,13150172,0
868,545,MA,Masculino,38,1,8829313,2,1,1,2430295,0
869,636,MA,Feminino,-10,1,17083346,1,1,0,11051028,1
870,603,CE,Masculino,44,6,10812239,2,1,0,10848833,1
871,435,MA,Masculino,36,4,0,1,1,1,1970152,0
872,535,MA,Feminino,40,8,0,1,1,1,2768977,0
873,629,CE,Feminino,45,7,12981839,3,1,0,921755,1
874,722,MA,Feminino,35,2,16394389,2,1,1,1506818,0
875,561,MA,Masculino,28,7,0,2,1,0,779701,0
876,645,MA,Feminino,38,5,1014303,2,0,1,440032,0
877,501,MA,Feminino,39,9,11730166,1,0,0,18202595,0
878,502,CE,Feminino,32,1,17334083,1,0,1,12276395,0
879,652,CE,Feminino,42,4,0,2,1,1,3815201,0
880,574,MA,Feminino,33,3,13434857,1,1,0,6316399,0
881,518,MA,Feminino,45,9,10552565,2,1,1,7341829,0
882,749,MA,Feminino,60,6,0,1,1,0,1797868,1
883,679,MA,Feminino,43,4,0,3,1,0,11513651,1
884,565,MA,Masculino,36,6,1061921,1,1,0,14957559,0
885,643,MA,Feminino,45,4,4514443,1,1,0,6091724,1
886,515,MA,Masculino,65,7,9211361,1,1,1,14254833,0
887,521,MA,Masculino,25,7,0,2,1,1,15787867,0
888,739,CE,Masculino,38,0,12836644,1,1,0,1279643,0
889,585,MA,Masculino,0,2,0,2,1,1,1865777,0
890,733,CE,Masculino,74,3,10654553,1,1,1,13458958,0
891,542,MA,Feminino,43,8,14561837,1,0,1,1035074,0
892,788,CE,Masculino,37,8,14154125,1,0,0,6601327,0
893,435,CE,Masculino,32,2,5701706,2,1,1,590711,0
894,577,MA,Masculino,42,9,0,1,1,0,7407791,0
895,703,MA,Feminino,51,3,0,3,1,1,7729456,1
896,728,CE,Feminino,35,8,12588495,2,1,0,5435902,1
897,728,CE,Masculino,32,5,618255,1,1,1,15612493,0
898,718,MA,Masculino,35,8,0,2,1,0,9482085,0
899,621,MA,Feminino,40,6,0,1,1,0,15515525,0
900,523,MA,Feminino,40,2,10296741,1,1,0,1287021,1
901,657,CE,Masculino,25,2,17177055,1,1,0,227455,0
902,727,CE,Masculino,40,1,9305164,2,1,0,7186531,1
903,643,MA,Masculino,36,7,16106464,2,0,1,8429482,0
904,645,MA,Feminino,48,7,9061234,1,1,1,14913913,0
905,568,MA,Masculino,28,5,14510564,2,1,0,18548911,0
906,599,MA,Masculino,58,4,0,1,0,0,17640715,1
907,672,MA,Feminino,45,9,0,1,1,1,9202769,1
908,685,MA,Masculino,33,6,17491272,1,1,1,4393254,0
909,516,MA,Feminino,46,1,10494772,1,1,0,11578925,1
910,685,CE,Masculino,31,10,13521371,1,1,1,12577728,0
911,806,CE,Masculino,25,7,0,2,1,0,184619,0
912,604,MA,Masculino,36,6,11622985,2,1,1,7963338,0
913,648,CE,Feminino,53,6,11120141,1,1,1,12154229,0
914,545,CE,Feminino,32,4,0,1,1,0,947392,0
915,756,CE,Masculino,27,1,131899,1,1,0,9330229,0
916,569,MA,Masculino,35,10,12452552,1,1,1,19379378,0
917,596,MA,Masculino,47,6,0,1,1,0,7483565,0
918,475,MA,Masculino,39,6,0,1,1,1,569999,1
919,646,MA,Feminino,45,3,4713475,1,1,1,5723644,0
920,784,CE,Masculino,35,3,0,2,0,0,8148364,0
921,552,CE,Masculino,45,9,0,2,1,0,2675256,0
922,729,MA,Masculino,44,5,0,2,0,1,920054,0
923,609,CE,Masculino,61,1,0,1,1,0,2244785,1
924,555,MA,Masculino,51,5,0,3,1,0,18912289,1
925,572,CE,Feminino,19,1,13865708,1,1,1,1616182,0
926,785,MA,Feminino,34,9,7030248,1,1,1,6860036,0
927,714,CE,Feminino,36,1,10160901,2,1,1,44773,0
928,738,CE,Masculino,35,3,0,1,1,1,1565073,0
929,639,CE,Masculino,38,5,13017082,1,1,1,14959962,0
930,520,CE,Masculino,61,8,13380229,2,1,1,9030401,0
931,764,MA,Feminino,24,7,10623402,1,0,0,11567638,0
932,661,CE,Masculino,0,6,13262898,1,0,0,3881267,0
933,564,CE,Masculino,0,9,10352275,2,1,1,3433821,0
934,708,CE,Feminino,42,8,19239052,2,1,0,82336,0
935,512,CE,Masculino,36,1,0,1,0,1,13548226,1
936,592,CE,Masculino,37,9,0,3,1,1,1065689,0
937,619,MA,Feminino,38,3,0,2,0,1,11646735,0
938,775,MA,Masculino,52,8,10992261,1,1,1,9682332,1
939,850,CE,Feminino,44,5,12860532,1,0,1,1710962,0
940,577,MA,Feminino,37,4,0,1,1,1,7988139,0
941,724,MA,Feminino,37,10,6859856,1,1,0,15786282,0
942,710,CE,Masculino,35,1,10651852,1,1,1,12795181,0
943,696,MA,Feminino,31,8,0,2,0,0,19107411,0
944,376,MA,Feminino,46,6,0,1,1,0,15733369,1
945,675,CE,Feminino,29,8,12132642,1,1,0,13345752,0
946,745,MA,Masculino,36,8,6722637,1,1,0,1307896,0
947,697,CE,Feminino,25,5,8293185,2,1,1,12837388,0
948,599,CE,Feminino,39,4,0,1,1,0,1942732,1
949,715,MA,Feminino,0,5,11859041,1,1,1,568417,1
950,659,MA,Masculino,67,4,14598187,1,1,1,1310432,0
951,684,MA,Feminino,48,3,7330938,1,0,0,2122834,1
952,635,MA,Feminino,48,8,13079633,2,1,1,432503,0
953,789,CE,Masculino,33,8,15160756,1,1,0,43894,0
954,571,CE,Feminino,66,9,11157701,1,0,1,1892719,0
955,694,CE,Masculino,39,0,10704274,1,1,1,1022842,0
956,665,CE,Feminino,42,2,15637161,2,0,1,15677494,1
957,706,MA,Feminino,44,4,12960599,1,0,0,6986549,0
958,807,CE,Feminino,43,0,0,2,0,1,8552324,0
959,771,CE,Feminino,67,8,0,2,1,1,512198,0
960,531,CE,M,27,8,13257625,1,0,0,722292,0
961,629,MA,Feminino,37,6,1291013,1,1,1,2397133,0
962,850,CE,Feminino,31,1,1088224,1,1,1,13217331,0
963,685,CE,Masculino,35,4,13794851,1,1,0,11363964,0
964,642,CE,Masculino,32,7,1004338,1,1,1,3976859,0
965,529,CE,,63,4,9613411,3,1,0,10873296,1
966,683,CE,Feminino,43,4,11588804,1,1,1,11734919,1
967,663,MA,Feminino,42,5,12462607,1,1,1,780045,0
968,563,MA,Feminino,34,6,13981034,1,1,1,15241779,0
969,637,CE,Feminino,34,9,0,2,0,0,2605708,0
970,544,MA,Masculino,37,3,8449671,1,0,0,7997209,0
971,649,CE,,70,9,11685471,2,0,1,10712579,0
972,638,MA,Feminino,48,10,13833303,1,1,1,4767914,0
973,723,MA,Masculino,25,3,0,2,1,1,13450947,0
974,635,CE,Masculino,43,5,7899275,2,0,0,15326531,0
975,750,CE,M,38,7,9725741,2,0,1,17988304,0
976,730,MA,Masculino,34,5,12245337,2,1,0,13888298,0
977,750,CE,Feminino,36,8,11294007,1,0,1,985581,0
978,586,MA,Feminino,43,8,13255826,1,1,0,6704683,1
979,520,MA,Feminino,38,4,0,2,1,0,5638863,0
980,652,MA,Feminino,48,8,13329724,1,1,0,7776437,0
981,550,MA,Feminino,46,7,0,2,1,0,13059035,0
982,594,MA,Masculino,27,0,1970418,1,0,0,15191249,0
983,749,CE,Feminino,44,0,7149779,2,0,0,1510838,0
984,668,MA,Masculino,32,7,0,2,1,1,77737,0
985,614,CE,Feminino,35,6,12810028,1,0,0,,1
986,773,MA,Masculino,-20,1,12453278,2,0,1,1172357,0
987,551,CE,Masculino,31,9,8229382,2,1,1,9156525,0
988,566,MA,Masculino,36,1,14212091,1,1,0,7961637,0
989,569,CE,Masculino,34,0,15183926,1,1,0,10229981,1
990,659,CE,F,31,7,14962088,2,1,1,10453351,0
991,722,MA,Feminino,49,3,16819766,1,1,0,14076557,1
992,655,MA,Masculino,140,5,93147,2,1,0,6621413,0
993,615,MA,Feminino,35,2,9744002,2,1,1,1398161,0
994,752,CE,Feminino,42,3,6504608,2,0,1,14013928,0
995,661,CE,Feminino,28,7,9535749,1,0,0,10229715,0
996,838,CE,Masculino,43,9,12310588,2,1,0,14576583,0
997,610,CE,Masculino,29,9,0,3,0,1,8391224,0
998,811,CE,Masculino,44,3,0,2,0,1,7843973,0
999,587,CE,Masculino,62,7,12128627,1,0,1,677692,0
1000,811,CE,Feminino,28,4,16773882,2,1,1,990342,0